Name,Sequence
1,MRSILSLCLSSTWSNGLLSAIPSMVTCSRLDSPFTTKTNNPQQQIKFKFMIMLSFQCGQFVSISCSK
2,MDMKKVTCALLIAAASMSAAVAAAEAPAPSPGPGPSSGASAPLVGSLIGASVLSFFALFQ
3,MLKGVMLKGVMLSNLSTIIYEFAIMCPVLLSECSLKLLLRLQIKESGNCYCTTMF
4,MKQETTSDGSGTMVLRKCVLLFWNQRQRCTRWVLFFEGVGINFVIIFALIRG
5,MDMKKITCALLIAATSVSAAVAATEVPASAPGPGPSSGASAPLVGSLIGASVLSFFALFQ
6,MRSILSLCLSSTWSNGLLSAIPSMVTCSRLDSPFTTKTNNPQQQIKFKFMIMLSFQCGQFVSISCSK
7,MDKANKLSAGAGEKATKSRSHGSTALFVAVDYAFLLAFAGFLAYLVGSRILPSAAGSA
8,MTKCQKRASIQGLWLLSMVLLASSSLVCASMAVDGQTKEDINATSVTSMNMTRSSSASYNMTGGGGELNRGPCVVRSGFYWCQNIGYPTMSECLKNCES
9,MRAQRIMERVQEEQRRWYGVKEPGQTNCCSARRTSRICLFQSMALLASPQGI
10,MRAQRIMERVQEEQRRWYGVKEPGQTNCCSARRTSRICLFQSMALLASPQGI
11,MASNISPSAFDKEQIFGMAEKEMEYRVELFNKMTQTCFNKCVDNRYKESELNMGENSCIDRCVSKYWHVTNLIGQLLGSGKPAM
12,MSKITVLFFTVLFLCCMITHSTRPQPAFHKESLVSTLHQDAEEVDESCEGIKEEECLIRRTLTAHIDYIYTQKHNNP
13,MASSSYSNSPYDACKFLRRKCMLDCIFSPYFPPKEPQKFTNVHKIFRASF
14,MLLLDFVHPKLILQKLVEHLLKRIEANLRRELYYWHAYYDRRLPPGITALLKLEEFVAKFMSMCRKNSGSRKYV
15,MDSSGARRADLRAKAKAMAEKPRVLLAACGSVCAVKFGNVCRSFAEWAVVKVVLIKSALRFIDEQTLPQDVTVYRDEKDWRTWKKLGDPMLHIELCNWAEIMVIAPLSANTLSKVINQT
16,MADIVDEAITFFRANVFFKKFHVKSSADKLLIYLTFYIHIALKRLEGCQTLAVGTKAIINLGLEKVPVPGEPGFPFPGLFTLPQSQEEAELLRNYLKQIREETSGRLLNCAYRANGFPNKWWLAFAKRKFMNIVIL
17,MGAVVTAVIAIAAVVLGWITIEMACKPCLETGRRAMDRALDPNHDPDSPTNAGGASANEPLLADLSASTAPPAKAI
18,MGGDVHSDDDDEEGDEREVDDGVDDDGDGAGLQVAELHQVVAAGELDEQPRREQHEQHQPDHHGAPVRHLARSTMNCLPTYWSLWLVRGVAGAWGSEEDEGRPGGEGGLLVWFAGARSRL
19,MSKITVLFFTVLFLCCMITHSTRPQPAFHKESLVSTLHQDAEEVDESCEGIKEEECLIRRTLTAHIDYIYTQKHNNP
20,MTTEPQGSHQHGSKRDLPSCRKNVPGTSFVSDLRDHIHEFINASSDEHMTCFTKTIKKMFGMSMTVAHKSSKAEEAGPA
21,MCSTIYEPPHTTDDQSRHAIHPPILVELDGYIFCVFCVFCFLLCFSVLLFRSVLKFICTTGK
22,MCPRWPCTSRPIRPVVCVSVWVPILVELEGAPEELSRLEI
23,MTATGCIIYACWRCDRVAGRSLPILVELDGWLLCAHTM
24,MCGRAFIRRLFGSVFARGFFCSPILVELDGLSDGECRFITLLRF
25,MGGRAGGHYLSVCVAVVRVSSWPILVELDGSLSIVGLCTITCVQRFRRR
26,MGQSYAKSPDGTVGTARPPYPRPILVELDGFFLFLSLLFFWLSLLFLV
27,MCPRWPCTSRPIRPVVCVSVWVPILVELDGAPEELRRLERSLNSRP
28,MCPRWPCTSRPIRPVVCVSVWLPILVELDGAPEELSRLARS
29,MFLVRRVWGFRGCLIGGRGAVWPILVELDGDVNGHKFSVRGEGEGDATNGKLTLKFICTTGK
30,MAQCASSALLGSSWEGRGFAERPILVELDG
31,MCCGGRVCMLCTCLVLVVIAIGLLFGFGVFKHGFHKIKDTVSFCDSCGGGAAGGGRPFIGYAPPPLF
32,MATRIIGLSFFLGFLCIALLFASGSAQIVCQQKGICPNTIACYNYCLGLGFQGYGRCDDNGLCCCKKG
33,MSHSLVSVILVKVILAAMIIVLFSHAVRSQQICLASCKDTPSCDAHCKFIGYGKGTCFIVSPTYSKCCCF
34,MIMNTKSKLITLWVLLYFCSITNSLAASKKCNFPAIFNFGDSNSDTGGLSAAFSSWRVLLPSPCWSLL
35,MDKARFGLFFMLLILLASRKPLSMHLRSHRFKGMCLSEHNCASVSHLEGFTGGKCWGFRRRCFCSKHC
36,MRSILSLCLSSTWSNGLLSAIPSMVTCSRLDSPFTTKTNNPQQQIKFKFMIMLSFQCGQFVSISCSK
37,MRNISNLVLPSLASLGPSFPGFTWYSICLCLVHFLLRSFHLSFSYIAKEFKTFVTIGKGGIGC
38,MIKTVFRNSTSLLLYIMHASFPSVILCVVCNKVAIKAVIQKCCIYMLCKILL
39,MKVAFVAVLLICLVLSSSLFEVSMAGSAFCSSKCAKRCSRAGMKDRCTRFCGICCSKCRCVPSGTYGNKHECPCYRDMKNSKGKPKCP
40,MAAKGNQNTNRNTKPNSVICADCDGNDNCLLILRAVLCSQCKGSGVNSVDIFNGQFKAGDTCWLCGGRKEMLCGNCNGTGFVGGFLSTYDQ
41,MTKASLFFPCLIILFIVASGTTGFANACNFPCHSPNGCGNLHCPGCVKQCVNFCCLCDCSPPPNGNVS
42,MKTSSKSIGQLYKPLSVMKECNHCQMVCNKFSCNFFVLKLCQAGKKCKQDSFIWC
43,MADTGGGDAVRPVVICDNKCGCTLPCTGGSTCRCTSAGTATGGGATGGGDHVTCSCGEHCGCNPCSCPKIAAAGSGCRCGTDCACASCRT
44,MHNSGLHISELCIHNFGMSTLENMFFGLSISELCMHNFRMDNHKCEFFVFQIF
45,MLLRNFFLHPCIKLAISNIHPCNVISLSIFITSTILSRHSCTQRNYINKISVI
46,MNQSGASLSKSKSKVTKSNKVRVCIIYCHGVRPSSTSLTLHCICGISIRRNP
47,MLLLLLLEMSKFDFHFGYEVACHVMNYGLVGELVLLCFWILSPCLSFNCCCYSSMC
48,MARDFLDAHANEAGLVLHSGPIFLFLMIVASLSIISMIIFACGKKGGGGGGGGCGGDGGGGGGDGGGGDGGGGDGGGGGGGGCGGGGGGGGC
49,MQGKTDANAIIRLRPSRRRHQDSCQCPFFFHISEFHSCASSPLLIHTCWIFCGTSIG
50,MCLDIICGPAAAKIHRPLSTCLRCFHHLLGCWLTFEQHGQFLLYTGCPLQLYLTRLL
51,MSALFNFHSFLTVILLGICACTYFKMQFPAILDQKTGFRGFFWKAARIGRCLLFSLFI
52,MLKGVMLKGVMLSNLSTIIYEFAIMCPVLLSECSLKLLLRLQIKESGNCYCTTMF
53,MFGVRSRALAPSLSKSHGCCSASSNVSAFLTSNHCTWGGGGHARSCCSDMFTSHLTWVSFVVHLLLHGTT
54,MKFGGCSCLGTGSVGLGDTTILGGGGAYWFGCGRSRWRLVVERRWDWWWYLCRRWRFGRECGGYGGC
55,MVNHISNCSLLFVMLALTITGLIEVKGNTCSQPLGGCGPMGQCDQRCKALHIDGQGSCDLGLCTCYYGCADPPPSPTPPKMCNNGLGVCSVQCGDACCNAKCASKYNQGTGMCSTIGNNNLCTCQYRCG
56,MSHSLVSVILVKVILAAMIIVLFSHAVRSQQICLASCKDTPSCDAHCKFIGYGKGTCFIVSPTYSKCCCF
57,MRSILSLCLSSTWSNGLLSAIPSMVTCSRLDSPFTTKTNNPQQQIKFKFMIMLSFQCGQFVSISCSK
58,MRNISNLVLPSLASLGPSFPGFTWYSICLCLVHFLLRSFHLSFSYIAKEFKTFVTIGKGGIGC
59,MLGSTGLGIVIAAGVFGAAASLLLAYFFWQCTGKGKGGRRRHRRGTSESGGGEDGSWWTERLRAAHNRLVPVSLF
60,MTKASLFFPCLIILFIVASGTTGFANACNFPCHSPNGCGNLHCPGCVKQCVNFCCLCDCSPPPNGNVS
61,MSCSSGKCDCGSSCSCGSSCNCMSPNVETAAASSIKTTVLAAPTTKASAGGFEAATEGGGCDCNTCNCGTSCGCSCCSCN
62,MQGKTDANAIIRLRPSRRRHQDSCQCPFFFHISEFHSCASSPLLIHTCWIFCGTSIG
63,MDKANKLSAGAGEKATKSRSHGSTALFVAVDYAFLLAFAGFLAYLVGSRILPSAAGSA
64,MSALFNFHSFLTVILLGICACTYFKMQFPAILDQKTGFRGFFWKAARIGRCLLFSLFI
65,MVNHISNCSLLFVMLALTITGLIEVKGNTCSQPLGGCGPMGQCDQRCKALHIDGQGSCDLGLCTCYYGCADPPPSPTPPKMCNNGLGVCSVQCGDACCNAKCASKYNQGTGMCSTIGNNNLCTCQYRCG
66,MVVVVVEGNPICCSNRKVQIFICIVPSFVFIGFCFCANNGRGSTGKALQIIGTFFFF
67,MTSCSFSCIISNNNALLRSSATLVVFTFGVVPRSCSSFSSGCNVRVCHLPQSLPLVG
68,MGGLSTKLFVVLLLLVCYTGTQGGPVTMVSARKCESQSFRFKGPCSRDANCANVCLTEGFTGGVCKGLRHRCFCTRDC
69,MSAQGKRRYDRKQSGHGGQTKPVFHKKAKTTKKIVLKLQCQSCKHYSQHAIKRCKHFEIGGDKNGKGTSLF
70,MYQLGEFKLHFYLCILTLTFILLCFLFLCSTCCFCVLQFWLGWGLLTGFHITIDCFCNNLLHWKNFSCA
71,MRDNFFVKKGTLFHVSGREGRVPLQTIRAKIDYCCYTVRAIYGILGIKVWIFSK
72,MPMSWALTVSVVDTVFAALAAWVSACLSAATAVTRSPRTGVMGRFAFLLSA
73,MSSCFTMRLVISMSFSLGINSFKKAISATETKCHSTIGVMKKSRKLLLDAKKNGTITT
74,MTHLICLIYLKCSCLHVQTLLNVISPILYNIGLNTKIIFIIFYIRFQIRVS
75,MASRNKAAALLLCFLFLAAVAASAAEMIAGSGIGDGEGEELDKGGGGGGGHHKHEGYKNKDGKGNLKPSQCGGECRRRCSKTHHKKPCLFFCNKCCAKCLCVPPGTYGNKETCPCYNNWKTKKGGPKCP
76,MVVVVVEGNPICCSNRKVQIFICIVPSFVFIGFCFCANNGRGSTEGKGHVHMVHFGF
77,MAGLRMKFVAVAAMAAALVASAAAAEAPAPAPASDAAAAVPLAAASLAAAAFGYLFC
78,MRHGTRLLCALALTLLCMATHFQGASCRGGGGGGRGGGGGGGGGGGGRGGGSGTGGGRSGRGRSGRPFLGGVGAGAAAGVGARTAAGGSHGHRSVAAGGAGGPGVWRVAGAGAALTAALLA
79,MRWVMYQLILFHKPNKNVKSEKMDQLIPQTKHPISYQGETSCCFHLCLAFSKATFKHECFYILPIPFIIFPLLTNLVIVNHQLKCYLFFARNEGQHFSLVKCSN
80,MTKRTKKAGIVGKYGTRYGASLRKQIKKMEVSQHSKFFCEFCGKYAVKRKAVGIWGCKDCGKVKAGGAYTLK
