Index,Symbol,Sequences,AMP
1,Seq 1_1,MAIPLWAGA,0.277
2,Seq 2_1,DLIERIQAD,0.604
3,Seq 3_1,IMTGSWGGLN,0.971
4,Seq 4_1,YVHNLSLLQC,0.900
5,Seq 5_1,KEEALQRPVA,0.636
6,Seq 6_1,LITTQQWLIQ,0.970
7,Seq 7_1,LITAQQWLIQ,0.960
8,Seq 8_1,MLSAIPYIGT,0.502
9,Seq 8_2,D,0.324
10,Seq 9_1,TSSQLGLMVV,0.970
11,Seq 9_2,T,0.849
12,Seq 10_1,LAMVIPLWAG,0.917
13,Seq 10_2,A,0.899
14,Seq 11_1,ITLTMYQWWR,0.961
15,Seq 11_2,D,0.324
16,Seq 12_1,LTGQPRFPAL,0.980
17,Seq 12_2,T,0.849
18,Seq 13_1,ITSSLLLIII,0.982
19,Seq 13_2,LA,0.855
20,Seq 14_1,MKPPLYTFYF,0.341
21,Seq 14_2,SN,0.722
22,Seq 15_1,VTSSLLLIII,0.978
23,Seq 15_2,LA,0.855
24,Seq 16_1,MKTPLYTFYF,0.270
25,Seq 16_2,SN,0.722
26,Seq 17_1,LTIFSLHLAG,0.984
27,Seq 17_2,ISS,0.960
28,Seq 18_1,ITAGHLLMHL,0.928
29,Seq 18_2,IGN,0.341
30,Seq 19_1,SKQMMAMHNT,0.645
31,Seq 19_2,KGR,0.921
32,Seq 20_1,IVGPYGLLQP,0.719
33,Seq 20_2,FAD,0.210
34,Seq 21_1,GSHMAAGGDH,0.821
35,Seq 21_2,GSPD,0.663
36,Seq 22_1,ASTAFSSIAH,0.967
37,Seq 22_2,IARD,0.178
38,Seq 23_1,INENNPALLN,0.343
39,Seq 23_2,PIKR,0.501
40,Seq 24_1,KLLPKTISQH,0.931
41,Seq 24_2,QISAS,0.967
42,Seq 25_1,WIGGQPVSYP,0.985
43,Seq 25_2,FIIIG,0.858
44,Seq 26_1,VVAGVFLLIR,0.776
45,Seq 26_2,FHPLA,0.887
46,Seq 27_1,VVWLFLYISI,0.983
47,Seq 27_2,YWWGS,0.989
48,Seq 28_1,VVWLFLYISI,0.983
49,Seq 28_2,YWWGSY,0.982
50,Seq 29_1,TSGLTMWFHF,0.991
51,Seq 29_2,HSTTLL,0.883
52,Seq 30_1,MNENLFTSFI,0.475
53,Seq 30_2,APTILG,0.677
54,Seq 31_1,TSGLAMWFHF,0.980
55,Seq 31_2,HSTTLL,0.883
56,Seq 32_1,LYSLYMFTTT,0.977
57,Seq 32_2,QWGPLT,0.971
58,Seq 33_1,TTVWPTMIIP,0.994
59,Seq 33_2,MLLTLFL,0.859
60,Seq 34_1,MLGFYPNITH,0.039
61,Seq 34_2,RTIPYLGL,0.880
62,Seq 35_1,QTISYEVTLA,0.962
63,Seq 35_2,IILLSMLL,0.942
64,Seq 36_1,SPTLTRFFTF,0.992
65,Seq 36_2,HFILPFIIT,0.928
66,Seq 37_1,ALGLFLFLLS,0.983
67,Seq 37_2,LMTLTLFSPD,0.918
68,Seq 38_1,MTPMRKINPL,0.015
69,Seq 38_2,MKLINHSFID,0.014
70,Seq 39_1,ALGLFLFLLS,0.983
71,Seq 39_2,LMTLTLLSPD,0.873
72,Seq 40_1,MTPTRKINPL,0.016
73,Seq 40_2,MKLINHSFID,0.014
74,Seq 41_1,STISLPSTLI,0.995
75,Seq 41_2,IFTILILLTI,0.973
76,Seq 41_3,LE,0.550
77,Seq 42_1,GLPPLTGFLP,0.965
78,Seq 42_2,KWTIIEEFTK,0.743
79,Seq 42_3,NN,0.475
80,Seq 43_1,TKEPLKPSTS,0.687
81,Seq 43_2,TITLYITAPT,0.951
82,Seq 43_3,LA,0.855
83,Seq 44_1,LVTTLYSLYM,0.938
84,Seq 44_2,FTTTQWGSLT,0.995
85,Seq 44_3,HHIN,0.330
86,Seq 45_1,FMAEYTNIIM,0.925
87,Seq 45_2,MNTLTTTIFL,0.424
88,Seq 45_3,GTTYN,0.867
89,Seq 46_1,LYDYGRWLVV,0.439
90,Seq 46_2,VTGWTLFVGV,0.964
91,Seq 46_3,YVVIE,0.482
92,Seq 47_1,EELIIFHDHA,0.416
93,Seq 47_2,LMIIFLICFL,0.972
94,Seq 47_3,VLYALF,0.628
95,Seq 48_1,EELIIFHDHA,0.416
96,Seq 48_2,LMIIFLICFL,0.972
97,Seq 48_3,ILYALF,0.667
98,Seq 49_1,EELIIFHDHT,0.494
99,Seq 49_2,LMIIFLICFL,0.972
100,Seq 49_3,VLYALF,0.628
101,Seq 50_1,MTMHTTMTTL,0.313
102,Seq 50_2,TLTSLIPPIL,0.988
103,Seq 50_3,TTLINPN,0.802
104,Seq 51_1,LSTLITAQEH,0.876
105,Seq 51_2,LWLLLPSWPL,0.988
106,Seq 51_3,AMMWFIS,0.978
107,Seq 52_1,TSTQKGMIKL,0.986
108,Seq 52_2,YFLSFLFPLI,0.981
109,Seq 52_3,LTLLLIM,0.985
110,Seq 53_1,MTMYTTMTTL,0.373
111,Seq 53_2,TLTSLIPPIL,0.988
112,Seq 53_3,TTLINPN,0.802
113,Seq 54_1,MFTDRWLFST,0.773
114,Seq 54_2,NHKDIGTLYL,0.661
115,Seq 54_3,LFGAWAG,0.957
116,Seq 55_1,ALQLCYRHNK,0.965
117,Seq 55_2,RRKFFVDPRC,0.951
118,Seq 55_3,HPQTIAVVQ,0.626
119,Seq 56_1,IITSTQKGMI,0.977
120,Seq 56_2,KLYFLSFFFP,0.978
121,Seq 56_3,LILTLLLIM,0.956
122,Seq 57_1,NRVVLPVEAP,0.210
123,Seq 57_2,IRMMITSQDV,0.580
124,Seq 57_3,LHSWAVPTLG,0.990
125,Seq 58_1,FLALIICNAI,0.868
126,Seq 58_2,IDPLIYAFHS,0.415
127,Seq 58_3,QELRGTLKEV,0.659
128,Seq 59_1,LAAGSLFAGF,0.940
129,Seq 59_2,LITNNISPAA,0.432
130,Seq 59_3,PFQTTIPLYL,0.970
131,Seq 59_4,KLAA,0.962
132,Seq 60_1,LAAGSLFAGF,0.922
133,Seq 60_2,LITNNISPAS,0.630
134,Seq 60_3,PFQTTIPLYL,0.970
135,Seq 60_4,KLAA,0.962
136,Seq 61_1,SLIIPTIMAI,0.880
137,Seq 61_2,ITLLNLYFYL,0.985
138,Seq 61_3,RLIYSTSITL,0.940
139,Seq 61_4,LPMSN,0.930
140,Seq 62_1,DIYGDQHLVC,0.700
141,Seq 62_2,TCPPMEVYES,0.937
142,Seq 62_3,PFSEQKRASS,0.945
143,Seq 62_4,GHHHHHH,0.859
144,Seq 63_1,LNLGLLFILA,0.989
145,Seq 63_2,TSSLTVYSIL,0.991
146,Seq 63_3,WSGWASNSNY,0.986
147,Seq 63_4,ALIGALR,0.949
148,Seq 64_1,LAALHLLFLH,0.910
149,Seq 64_2,ETGSNNPLGI,0.853
150,Seq 64_3,TSHSDKITFH,0.946
151,Seq 64_4,PYYTIKD,0.578
152,Seq 65_1,TPMANLLLLV,0.944
153,Seq 65_2,VPILIAMAFL,0.987
154,Seq 65_3,MLTERKILGY,0.123
155,Seq 65_4,MQLRKGPN,0.122
156,Seq 66_1,NVKMKWQFEH,0.907
157,Seq 66_2,TKPTPFLPTL,0.970
158,Seq 66_3,ITLTTLLLPI,0.971
159,Seq 66_4,SPFMLMVL,0.791
160,Seq 67_1,NVKMKWQFEH,0.907
161,Seq 67_2,TKPTPFLPTL,0.970
162,Seq 67_3,ITLTTLLLPI,0.971
163,Seq 67_4,SPFMLMIL,0.948
164,Seq 68_1,AYTTWNILSS,0.960
165,Seq 68_2,AGSFISLTAV,0.979
166,Seq 68_3,MLMIFMIWEA,0.351
167,Seq 68_4,FASKRKVL,0.944
168,Seq 69_1,VLALLLSILI,0.863
169,Seq 69_2,LTMIPILHVS,0.873
170,Seq 69_3,KQQSMMFRPL,0.975
171,Seq 69_4,SQSLYWLL,0.970
172,Seq 70_1,NVKMKWQFEH,0.903
173,Seq 70_2,TKPTPFLPTF,0.988
174,Seq 70_3,ITLTTLLLPI,0.971
175,Seq 70_4,SPFMLMVL,0.791
176,Seq 71_1,VLALLLSILI,0.850
177,Seq 71_2,LAMIPILHVS,0.609
178,Seq 71_3,KQQSMMFRPL,0.975
179,Seq 71_4,SQSLYWLL,0.970
180,Seq 72_1,MPMANLLLLI,0.252
181,Seq 72_2,VPILIAMAFL,0.987
182,Seq 72_3,MLTERKILGH,0.026
183,Seq 72_4,MQLRKGPN,0.122
184,Seq 73_1,EVNDPSFTIK,0.674
185,Seq 73_2,SIGHQWYWTY,0.979
186,Seq 73_3,EYTDYGGLIF,0.862
187,Seq 73_4,NSYMLPPLF,0.975
